{"p": 0.6864714682624492, "r": 0.5686968838526912, "f1": 0.6220586811271425, "typef1": {"organization": {"p": 0.7107355864811133, "r": 0.4304635761589404, "f1": 0.536182977127859}, "miscellaneous": {"p": 0.16271186440677965, "r": 0.13675213675213677, "f1": 0.14860681114551083}, "person": {"p": 0.9673640167364017, "r": 0.7149041434755721, "f1": 0.8221906116642959}, "location": {"p": 0.659427966101695, "r": 0.7464028776978417, "f1": 0.7002249718785152}}}