{"p": 0.7683209647495362, "r": 0.5865793201133145, "f1": 0.6652610441767068, "typef1": {"organization": {"p": 0.7210231814548361, "r": 0.543046357615894, "f1": 0.6195054945054945}, "miscellaneous": {"p": 0.45112781954887216, "r": 0.08547008547008547, "f1": 0.1437125748502994}, "person": {"p": 0.9285714285714286, "r": 0.6833642547928263, "f1": 0.7873174207338796}, "location": {"p": 0.716915995397008, "r": 0.7470023980815348, "f1": 0.731650029359953}}}