{"p": 0.7076804044698782, "r": 0.578328611898017, "f1": 0.636322352029275, "recall": 0.6384029745042492, "std": 0.01573244063798122, "typef1": {"organization": {"p": 0.6703941862011599, "r": 0.5122817579771223, "f1": 0.5758787777270495, "std": 0.03503960289829264}, "miscellaneous": {"p": 0.2373770091908271, "r": 0.13005698005698005, "f1": 0.16004409760401897, "std": 0.04681100186672423}, "person": {"p": 0.9614267771148965, "r": 0.7097711811997527, "f1": 0.8165889500984234, "std": 0.011753538282710797}, "location": {"p": 0.6868244003284405, "r": 0.7053357314148682, "f1": 0.6954118443959513, "std": 0.022022084841586548}}, "origin": {"p": [0.7087993247520574, 0.7352475695229482, 0.6902469652574299, 0.7683209647495362, 0.6990452469904525, 0.6864714682624492, 0.7125567322239031, 0.6813454304049569, 0.691027027027027, 0.7037433155080214], "r": [0.5947237960339944, 0.5757790368271954, 0.5839235127478754, 0.5865793201133145, 0.5963172804532578, 0.5686968838526912, 0.5837464589235127, 0.5451487252124646, 0.5658640226628895, 0.5825070821529745], "f1": [0.646770000962742, 0.6458147155198093, 0.632649146364857, 0.6652610441767068, 0.6436078731129371, 0.6220586811271425, 0.6417518248175182, 0.6056850595062458, 0.6222135695512508, 0.6374116051535406], "recall": [0.6361543909348442, 0.6165014164305949, 0.6531515580736544, 0.6299575070821529, 0.6752832861189801, 0.6388101983002833, 0.6184490084985835, 0.6444759206798867, 0.6333215297450425, 0.6379249291784702], "typef1": {"organization": {"p": [0.6711267605633803, 0.6847253574115877, 0.5676470588235294, 0.7210231814548361, 0.6739482200647249, 0.7107355864811133, 0.6551724137931034, 0.7609756097560976, 0.6289833080424886, 0.6296043656207367], "r": [0.5737507525586996, 0.5478627332931969, 0.5809753160746538, 0.543046357615894, 0.5015051173991572, 0.4304635761589404, 0.5147501505117399, 0.3756773028296207, 0.4990969295605057, 0.555689343768814], "f1": [0.6186303148328465, 0.6086956521739131, 0.5742338589705445, 0.6195054945054945, 0.5750776665516051, 0.536182977127859, 0.5765340525960889, 0.5030229746070133, 0.5565626049009735, 0.5903421810041574]}, "miscellaneous": {"p": [0.2167381974248927, 0.20224719101123595, 0.16393442622950818, 0.45112781954887216, 0.23415492957746478, 0.16271186440677965, 0.261758691206544, 0.11036339165545088, 0.26479750778816197, 0.3059360730593607], "r": [0.14387464387464388, 0.07692307692307693, 0.05698005698005698, 0.08547008547008547, 0.18945868945868946, 0.13675213675213677, 0.18233618233618235, 0.1168091168091168, 0.12108262108262108, 0.1908831908831909], "f1": [0.17294520547945205, 0.11145510835913314, 0.08456659619450317, 0.1437125748502994, 0.2094488188976378, 0.14860681114551083, 0.21494542401343408, 0.11349480968858132, 0.16617790811339198, 0.23508771929824562]}, "person": {"p": [0.9528071602929211, 0.959703947368421, 0.9696223316912972, 0.9285714285714286, 0.9657190635451505, 0.9673640167364017, 0.9691780821917808, 0.9685641461342396, 0.9663582842724979, 0.9663793103448276], "r": [0.7241805813234384, 0.7217068645640075, 0.730364873222016, 0.6833642547928263, 0.7142857142857143, 0.7149041434755721, 0.7000618429189858, 0.7050092764378478, 0.7105751391465677, 0.6932591218305504], "f1": [0.8229093464511595, 0.8238616307800918, 0.8331569664902998, 0.7873174207338796, 0.8211873444720938, 0.8221906116642959, 0.8129263913824057, 0.816034359341446, 0.8189593727726301, 0.807346056895931]}, "location": {"p": [0.6982758620689655, 0.6958410924891372, 0.6881188118811881, 0.716915995397008, 0.6859185918591859, 0.659427966101695, 0.7099099099099099, 0.6930860033726813, 0.6304952698942682, 0.6902545003103663], "r": [0.6798561151079137, 0.6720623501199041, 0.6666666666666666, 0.7470023980815348, 0.7476019184652278, 0.7464028776978417, 0.7086330935251799, 0.7392086330935251, 0.6792565947242206, 0.6666666666666666], "f1": [0.6889428918590522, 0.6837450442207991, 0.6772228989037757, 0.731650029359953, 0.7154331612162937, 0.7002249718785152, 0.7092709270927094, 0.7154046997389034, 0.653968253968254, 0.6782555657212566]}}}}