{"p": 0.7352475695229482, "r": 0.5757790368271954, "f1": 0.6458147155198093, "typef1": {"organization": {"p": 0.6847253574115877, "r": 0.5478627332931969, "f1": 0.6086956521739131}, "miscellaneous": {"p": 0.20224719101123595, "r": 0.07692307692307693, "f1": 0.11145510835913314}, "person": {"p": 0.959703947368421, "r": 0.7217068645640075, "f1": 0.8238616307800918}, "location": {"p": 0.6958410924891372, "r": 0.6720623501199041, "f1": 0.6837450442207991}}}