{"p": 0.6990452469904525, "r": 0.5963172804532578, "f1": 0.6436078731129371, "typef1": {"organization": {"p": 0.6739482200647249, "r": 0.5015051173991572, "f1": 0.5750776665516051}, "miscellaneous": {"p": 0.23415492957746478, "r": 0.18945868945868946, "f1": 0.2094488188976378}, "person": {"p": 0.9657190635451505, "r": 0.7142857142857143, "f1": 0.8211873444720938}, "location": {"p": 0.6859185918591859, "r": 0.7476019184652278, "f1": 0.7154331612162937}}}