{"p": 0.7125567322239031, "r": 0.5837464589235127, "f1": 0.6417518248175182, "typef1": {"organization": {"p": 0.6551724137931034, "r": 0.5147501505117399, "f1": 0.5765340525960889}, "miscellaneous": {"p": 0.261758691206544, "r": 0.18233618233618235, "f1": 0.21494542401343408}, "person": {"p": 0.9691780821917808, "r": 0.7000618429189858, "f1": 0.8129263913824057}, "location": {"p": 0.7099099099099099, "r": 0.7086330935251799, "f1": 0.7092709270927094}}}