{"p": 0.691027027027027, "r": 0.5658640226628895, "f1": 0.6222135695512508, "typef1": {"organization": {"p": 0.6289833080424886, "r": 0.4990969295605057, "f1": 0.5565626049009735}, "miscellaneous": {"p": 0.26479750778816197, "r": 0.12108262108262108, "f1": 0.16617790811339198}, "person": {"p": 0.9663582842724979, "r": 0.7105751391465677, "f1": 0.8189593727726301}, "location": {"p": 0.6304952698942682, "r": 0.6792565947242206, "f1": 0.653968253968254}}}