{"p": 0.6902469652574299, "r": 0.5839235127478754, "f1": 0.632649146364857, "typef1": {"organization": {"p": 0.5676470588235294, "r": 0.5809753160746538, "f1": 0.5742338589705445}, "miscellaneous": {"p": 0.16393442622950818, "r": 0.05698005698005698, "f1": 0.08456659619450317}, "person": {"p": 0.9696223316912972, "r": 0.730364873222016, "f1": 0.8331569664902998}, "location": {"p": 0.6881188118811881, "r": 0.6666666666666666, "f1": 0.6772228989037757}}}