{"p": 0.7087993247520574, "r": 0.5947237960339944, "f1": 0.646770000962742, "typef1": {"organization": {"p": 0.6711267605633803, "r": 0.5737507525586996, "f1": 0.6186303148328465}, "miscellaneous": {"p": 0.2167381974248927, "r": 0.14387464387464388, "f1": 0.17294520547945205}, "person": {"p": 0.9528071602929211, "r": 0.7241805813234384, "f1": 0.8229093464511595}, "location": {"p": 0.6982758620689655, "r": 0.6798561151079137, "f1": 0.6889428918590522}}}