{"p": 0.7037433155080214, "r": 0.5825070821529745, "f1": 0.6374116051535406, "typef1": {"organization": {"p": 0.6296043656207367, "r": 0.555689343768814, "f1": 0.5903421810041574}, "miscellaneous": {"p": 0.3059360730593607, "r": 0.1908831908831909, "f1": 0.23508771929824562}, "person": {"p": 0.9663793103448276, "r": 0.6932591218305504, "f1": 0.807346056895931}, "location": {"p": 0.6902545003103663, "r": 0.6666666666666666, "f1": 0.6782555657212566}}}