{"p": 0.6813454304049569, "r": 0.5451487252124646, "f1": 0.6056850595062458, "typef1": {"organization": {"p": 0.7609756097560976, "r": 0.3756773028296207, "f1": 0.5030229746070133}, "miscellaneous": {"p": 0.11036339165545088, "r": 0.1168091168091168, "f1": 0.11349480968858132}, "person": {"p": 0.9685641461342396, "r": 0.7050092764378478, "f1": 0.816034359341446}, "location": {"p": 0.6930860033726813, "r": 0.7392086330935251, "f1": 0.7154046997389034}}}